{
    "train_metrics": [
        {
            "pixel_accuracy": 0.6803248775461332,
            "mean_accuracy": 0.06238750610285165,
            "mean_iou": 0.04161048412517893,
            "fw_iou": 0.5599876493923361,
            "iou_per_class": [
                0.7141834731729338,
                0.0007243182845447884,
                0.0017726774958934113,
                0.0014692172368520916,
                0.005027117993979526,
                0.0012841871442454533,
                0.0006805260873392401,
                0.0010385589828736993,
                0.003749491326169196,
                0.0002631600664227011,
                0.0022012656289365656,
                0.016562300769348108,
                0.00493204429133436,
                0.0,
                0.024139822278577826,
                0.07528714319002813,
                0.003300229899007173,
                0.004160994181623762,
                0.013043638598647819,
                0.0,
                0.0
            ]
        },
        {
            "pixel_accuracy": 0.7682539726215634,
            "mean_accuracy": 0.05689117142156871,
            "mean_iou": 0.04033841258122154,
            "fw_iou": 0.6063297512783056,
            "iou_per_class": [
                0.7756697553582587,
                1.4805383237345099e-05,
                0.00024316283327611854,
                1.2665346093247344e-06,
                6.67188712571591e-05,
                8.478107542088392e-05,
                0.00019733432676720267,
                0.002240098653057513,
                0.00046058877858799063,
                0.0,
                1.554317570394395e-05,
                0.0004440418321376287,
                0.0,
                0.0,
                0.003699851263625492,
                0.05984424888534477,
                5.05509207850221e-05,
                0.0,
                0.00407391631358319,
                0.0,
                0.0
            ]
        }
    ],
    "val_metrics": [
        {
            "pixel_accuracy": 0.7594540466350717,
            "mean_accuracy": 0.06330704549044834,
            "mean_iou": 0.04356594195610082,
            "fw_iou": 0.6049248859230906,
            "iou_per_class": [
                0.7711272337005944,
                2.6787890801841935e-06,
                0.0020124196632606765,
                0.0,
                1.2089681255553698e-05,
                5.189886734228706e-05,
                0.0012416003013544844,
                0.0009495891406325133,
                0.002190583080980986,
                0.0,
                0.0,
                0.0009267832397264575,
                0.0,
                0.0,
                0.002571867049820268,
                0.11315079224626821,
                0.0,
                1.3314568667890719e-06,
                0.02064591386093439,
                0.0,
                0.0
            ]
        },
        {
            "pixel_accuracy": 0.7683086829649489,
            "mean_accuracy": 0.06034101102564021,
            "mean_iou": 0.042123727598951596,
            "fw_iou": 0.6074437505352495,
            "iou_per_class": [
                0.7751227162071442,
                0.0,
                0.0,
                0.0,
                0.0,
                0.0,
                0.0,
                0.0,
                3.677813711379891e-05,
                0.0,
                0.0,
                7.772453647029563e-06,
                0.0,
                0.0,
                0.0003701896559039416,
                0.10618816354769925,
                0.0,
                0.0,
                0.0028726595764753237,
                0.0,
                0.0
            ]
        }
    ]
}